model,dataset,loss,perplexity,time,parameters
Baseline,gsm8k,3.045158361566478,21.01335864779529,22.583204086011392,454496326
MoT-48-256-1024,gsm8k,3.019013182870273,20.471080500560006,18.4644868089963,416969510
MoT-64-768-1024,gsm8k,3.0608286939818283,21.345238505493768,14.526271316004568,443494854
MoT-128-768-1024,gsm8k,3.0831235030601762,21.826471083701634,14.660612755003967,444572742
MoT-64-896-1024,gsm8k,3.047053781049005,21.053225547483304,14.841968489010469,450058822
MoT-128-896-1024,gsm8k,3.024730386405156,20.58845303599079,14.485923082000227,451136710
MoT-64-1024-1024,gsm8k,3.0869527191951356,21.910209583030223,14.626528066990431,456622790
MoT-128-1024-1024,gsm8k,3.1146392000132592,22.52530175860852,16.88703313299993,457700678
