model,dataset,loss,perplexity,time
snimu/MoT_pad-lr_pull-nn_bpt-16_how-noop-noop_BTMdim-1024-1024-1024_niter-100000_773322,gsm8k,3.045158361566478,21.01335864779529,22.583204086011392
snimu/MoT_pad-lr_pull-yn_bpt-16_how-concat-noop_BTMdim-48-256-1024_niter-100000_773322,gsm8k,3.019013182870273,20.471080500560006,18.4644868089963
snimu/MoT_pad-lr_pull-yn_bpt-16_how-concat-noop_BTMdim-64-768-1024_niter-100000_773322,gsm8k,3.0608286939818283,21.345238505493768,14.526271316004568
snimu/MoT_pad-lr_pull-yn_bpt-16_how-concat-noop_BTMdim-128-768-1024_niter-100000_773322,gsm8k,3.0831235030601762,21.826471083701634,14.660612755003967
snimu/MoT_pad-lr_pull-yn_bpt-16_how-concat-noop_BTMdim-64-896-1024_niter-100000_773322,gsm8k,3.047053781049005,21.053225547483304,14.841968489010469
snimu/MoT_pad-lr_pull-yn_bpt-16_how-concat-noop_BTMdim-128-896-1024_niter-100000_773322,gsm8k,3.024730386405156,20.58845303599079,14.485923082000227
snimu/MoT_pad-lr_pull-yn_bpt-16_how-concat-noop_BTMdim-64-1024-1024_niter-100000_773322,gsm8k,3.0869527191951356,21.910209583030223,14.626528066990431
