model,dataset,loss,perplexity,time
snimu/MoT_pad-lr_pull-nn_bpt-16_how-noop-noop_BTMdim-1024-1024-1024_niter-100000_773322,gsm8k,3.045158361566478,21.01335864779529,14.681688690005103
snimu/MoT_pad-lr_pull-yn_bpt-16_how-concat-noop_BTMdim-48-256-1024_niter-100000_773322,gsm8k,3.019013182870273,20.471080500560006,10.486963098010165
snimu/MoT_pad-lr_pull-yn_bpt-16_how-concat-noop_BTMdim-64-768-1024_niter-100000_773322,gsm8k,3.0608286939818283,21.345238505493768,10.322968469001353
snimu/MoT_pad-lr_pull-yn_bpt-16_how-concat-noop_BTMdim-128-768-1024_niter-100000_773322,gsm8k,3.0831235030601762,21.826471083701634,10.42308450100245
snimu/MoT_pad-lr_pull-yn_bpt-16_how-concat-noop_BTMdim-64-896-1024_niter-100000_773322,gsm8k,3.0470536988357018,21.053223816628158,9.955848868004978
